{"cameraMode":{"drawMode":0,"name":"Shaded","section":"Shading Mode"},"sceneLighting":true,"audioPlay":false,"sceneViewState":{"showFog":true,"showMaterialUpdate":false,"showSkybox":true,"showFlares":true,"showImageEffects":true,"showParticleSystems":true},"in2DMode":false,"pivot":{"x":0.9310826659202576,"y":2.5399603843688967,"z":4.822900295257568},"rotation":{"x":-0.02147316001355648,"y":-0.8553380370140076,"z":0.03575180470943451,"w":-0.5165228843688965},"size":0.7388840913772583,"orthographic":false}